File Path,Size (bytes)
/Users/robertdevore/Local Sites/hello-world/app/public/wp-includes/js/dist/edit-site.js,1599507
/Users/robertdevore/Local Sites/hello-world/app/public/wp-includes/js/dist/editor.js,1064106
/Users/robertdevore/Local Sites/hello-world/app/public/wp-includes/js/dist/components.js,2349196
/Users/robertdevore/Local Sites/hello-world/app/public/wp-includes/js/dist/block-editor.js,2650586
/Users/robertdevore/Local Sites/hello-world/app/public/wp-includes/js/dist/block-library.js,2162277
/Users/robertdevore/Local Sites/hello-world/app/public/wp-includes/js/dist/vendor/react-dom.js,1080227
/Users/robertdevore/Local Sites/hello-world/app/public/wp-content/.git/objects/pack/pack-f8c690150d4f8dcc09e392f62d8d60e27ecf3304.pack,2342619
