phase,source_url,destination_url,anchor_text,link_context,http_status,final_url,chain_length,verification,rel,recommended_action
baseline,https://robertdevore.com/courses/,https://rust.robertdevore.com/,Explore Rust ↗,course card,200,https://rust.robertdevore.com/,0,live GET,,
baseline,https://robertdevore.com/courses/,https://python.robertdevore.com/,Explore Python ↗,course card,200,https://python.robertdevore.com/,0,live GET,,
baseline,https://robertdevore.com/courses/,https://typescript.robertdevore.com/,Explore TypeScript ↗,course card,200,https://typescript.robertdevore.com/,0,live GET,,
baseline,https://robertdevore.com/courses/,https://kujo.robertdevore.com/,Explore Kujo ↗,course card,200,https://kujo.robertdevore.com/,0,live GET,,
baseline,https://robertdevore.com/courses/,https://cpc.robertdevore.com/,Explore CPC ↗,course card,200,https://cpc.robertdevore.com/,0,live GET,,
baseline,https://robertdevore.com/courses/,https://x.com/deviorobert,Robert DeVore on X,navigation,not probed,https://x.com/deviorobert,0,outside course-link scope,me,
baseline,https://robertdevore.com/courses/,https://github.com/robertdevore,Robert DeVore on GitHub,navigation,not probed,https://github.com/robertdevore,0,outside course-link scope,me,
after,https://robertdevore.com/courses/,https://rust.robertdevore.com/,Explore Rust ↗,course card,200,https://rust.robertdevore.com/,0,live GET,,
after,https://robertdevore.com/courses/,https://python.robertdevore.com/,Explore Python ↗,course card,200,https://python.robertdevore.com/,0,live GET,,
after,https://robertdevore.com/courses/,https://typescript.robertdevore.com/,Explore TypeScript ↗,course card,200,https://typescript.robertdevore.com/,0,live GET,,
after,https://robertdevore.com/courses/,https://kujo.robertdevore.com/,Explore Kujo ↗,course card,200,https://kujo.robertdevore.com/,0,live GET,,
after,https://robertdevore.com/courses/,https://cpc.robertdevore.com/,Explore CPC ↗,course card,200,https://cpc.robertdevore.com/,0,live GET,,
after,https://robertdevore.com/courses/,https://x.com/deviorobert,Robert DeVore on X,navigation,not probed,https://x.com/deviorobert,0,outside course-link scope,me,
after,https://robertdevore.com/courses/,https://github.com/robertdevore,Robert DeVore on GitHub,navigation,not probed,https://github.com/robertdevore,0,outside course-link scope,me,
