source_url,target_url,content_file,content_type,layout,frontmatter,featured_image,redirect,known_issue,verification
https://robertdevore.com/5-python-scripts-for-osint-and-pentesting/,https://robertdevore.com/5-python-scripts-for-osint-and-pentesting/,content/posts/5-python-scripts-for-osint-and-pentesting.md,post,signal-a,normalized,decorative signal art,retained,,pending build
https://robertdevore.com/5-questions-you-must-answer-before-writing-anything/,https://robertdevore.com/5-questions-you-must-answer-before-writing-anything/,content/posts/5-questions-you-must-answer-before-writing-anything.md,post,signal-c,normalized,decorative signal art,retained,,pending build
https://robertdevore.com/5-things-i-learned-building-my-first-gutenberg-blocks-plugin/,https://robertdevore.com/5-things-i-learned-building-my-first-gutenberg-blocks-plugin/,content/posts/5-things-i-learned-building-my-first-gutenberg-blocks-plugin.md,post,signal-a,normalized,decorative signal art,retained,,pending build
https://robertdevore.com/7-days-full-time-wp-dispensary/,https://robertdevore.com/7-days-full-time-wp-dispensary/,content/posts/7-days-full-time-wp-dispensary.md,post,signal-b,normalized,decorative signal art,retained,,pending build
https://robertdevore.com/all-in-one-wp-migration-plugin-ddos-attack/,https://robertdevore.com/all-in-one-wp-migration-plugin-ddos-attack/,content/posts/all-in-one-wp-migration-plugin-ddos-attack.md,post,signal-c,normalized,decorative signal art,retained,,pending build
https://robertdevore.com/back-to-basics/,https://robertdevore.com/back-to-basics/,content/posts/back-to-basics.md,post,signal-b,normalized,decorative signal art,retained,,pending build
https://robertdevore.com/boostbox-free-popups-that-work-pro-popups-that-convert/,https://robertdevore.com/boostbox-free-popups-that-work-pro-popups-that-convert/,content/posts/boostbox-free-popups-that-work-pro-popups-that-convert.md,post,signal-c,normalized,decorative signal art,retained,,pending build
https://robertdevore.com/boostbox-wordpress-popup-builder-for-the-core-editor/,https://robertdevore.com/boostbox-wordpress-popup-builder-for-the-core-editor/,content/posts/boostbox-wordpress-popup-builder-for-the-core-editor.md,post,signal-a,normalized,decorative signal art,retained,,pending build
https://robertdevore.com/cannabis-health-benefits/,https://robertdevore.com/cannabis-health-benefits/,content/posts/cannabis-health-benefits.md,post,signal-a,normalized,decorative signal art,retained,,pending build
https://robertdevore.com/cannabiz/,https://robertdevore.com/cannabiz/,content/posts/cannabiz.md,post,signal-b,normalized,decorative signal art,retained,,pending build
https://robertdevore.com/celebrating-gaad-with-img-a11y-v1-1-0/,https://robertdevore.com/celebrating-gaad-with-img-a11y-v1-1-0/,content/posts/celebrating-gaad-with-img-a11y-v1-1-0.md,post,signal-b,normalized,decorative signal art,retained,,pending build
https://robertdevore.com/chapters-for-authors-wordpress-plugin/,https://robertdevore.com/chapters-for-authors-wordpress-plugin/,content/posts/chapters-for-authors-wordpress-plugin.md,post,signal-b,normalized,decorative signal art,retained,,pending build
https://robertdevore.com/clean-blog-free-wordpress-theme/,https://robertdevore.com/clean-blog-free-wordpress-theme/,content/posts/clean-blog-free-wordpress-theme.md,post,signal-c,normalized,decorative signal art,retained,,pending build
https://robertdevore.com/complete-beginners-guide-building-a-python-url-checker-for-google-sheets/,https://robertdevore.com/complete-beginners-guide-building-a-python-url-checker-for-google-sheets/,content/posts/complete-beginners-guide-building-a-python-url-checker-for-google-sheets.md,post,signal-c,normalized,decorative signal art,retained,,pending build
https://robertdevore.com/contact-new/,https://robertdevore.com/contact-new/,content/pages/contact-new.md,legacy-page,legacy,normalized,decorative signal art,retained,stale claims require human review,pending build
https://robertdevore.com/creating-my-own-cipher-code/,https://robertdevore.com/creating-my-own-cipher-code/,content/posts/creating-my-own-cipher-code.md,post,signal-c,normalized,decorative signal art,retained,,pending build
https://robertdevore.com/customer-loyalty-for-woocommerce-v2/,https://robertdevore.com/customer-loyalty-for-woocommerce-v2/,content/posts/customer-loyalty-for-woocommerce-v2.md,post,signal-a,normalized,decorative signal art,retained,,pending build
https://robertdevore.com/db-version-control-wordpress-plugin/,https://robertdevore.com/db-version-control-wordpress-plugin/,content/posts/db-version-control-wordpress-plugin.md,post,signal-b,normalized,decorative signal art,retained,,pending build
https://robertdevore.com/december-2024-a-retrospective/,https://robertdevore.com/december-2024-a-retrospective/,content/posts/december-2024-a-retrospective.md,post,signal-b,normalized,decorative signal art,retained,,pending build
https://robertdevore.com/delivery-drivers-for-woocommerce/,https://robertdevore.com/delivery-drivers-for-woocommerce/,content/posts/delivery-drivers-for-woocommerce.md,post,signal-b,normalized,decorative signal art,retained,,pending build
https://robertdevore.com/devio-digital/,https://robertdevore.com/devio-digital/,content/posts/devio-digital.md,post,signal-c,normalized,decorative signal art,retained,,pending build
https://robertdevore.com/dispensary-wordpress-plugins-2017/,https://robertdevore.com/dispensary-wordpress-plugins-2017/,content/posts/dispensary-wordpress-plugins-2017.md,post,signal-a,normalized,decorative signal art,retained,,pending build
https://robertdevore.com/do-less-deliver-more/,https://robertdevore.com/do-less-deliver-more/,content/posts/do-less-deliver-more.md,post,signal-c,normalized,decorative signal art,retained,,pending build
https://robertdevore.com/docupress-documentation-plugin-for-wordpress/,https://robertdevore.com/docupress-documentation-plugin-for-wordpress/,content/posts/docupress-documentation-plugin-for-wordpress.md,post,signal-c,normalized,decorative signal art,retained,,pending build
https://robertdevore.com/dont-shoot-the-messenger-choose-courage-over-convenience/,https://robertdevore.com/dont-shoot-the-messenger-choose-courage-over-convenience/,content/posts/dont-shoot-the-messenger-choose-courage-over-convenience.md,post,signal-c,normalized,decorative signal art,retained,,pending build
https://robertdevore.com/extreme-programming-for-extreme-leaders/,https://robertdevore.com/extreme-programming-for-extreme-leaders/,content/posts/extreme-programming-for-extreme-leaders.md,post,signal-c,normalized,decorative signal art,retained,,pending build
https://robertdevore.com/focus/,https://robertdevore.com/focus/,content/posts/focus.md,post,signal-b,normalized,decorative signal art,retained,,pending build
https://robertdevore.com/free-ai-tools/,https://robertdevore.com/free-ai-tools/,content/pages/free-ai-tools.md,legacy-page,legacy,normalized,decorative signal art,retained,stale claims require human review,pending build
https://robertdevore.com/going-all-in-one-year-later/,https://robertdevore.com/going-all-in-one-year-later/,content/posts/going-all-in-one-year-later.md,post,signal-a,normalized,decorative signal art,retained,,pending build
https://robertdevore.com/going-all-in-with-wp-dispensary/,https://robertdevore.com/going-all-in-with-wp-dispensary/,content/posts/going-all-in-with-wp-dispensary.md,post,signal-c,normalized,decorative signal art,retained,,pending build
https://robertdevore.com/goodbye-wordpress-a-eulogy/,https://robertdevore.com/goodbye-wordpress-a-eulogy/,content/posts/goodbye-wordpress-a-eulogy.md,post,signal-c,normalized,decorative signal art,retained,,pending build
https://robertdevore.com/grateful-to-see-21-of-my-wordpress-plugins-live-on-at-webdevstudios/,https://robertdevore.com/grateful-to-see-21-of-my-wordpress-plugins-live-on-at-webdevstudios/,content/posts/grateful-to-see-21-of-my-wordpress-plugins-live-on-at-webdevstudios.md,post,signal-a,normalized,decorative signal art,retained,,pending build
https://robertdevore.com/hello-2017/,https://robertdevore.com/hello-2017/,content/posts/hello-2017.md,post,signal-b,normalized,decorative signal art,retained,,pending build
https://robertdevore.com/hello-plugin-pal-your-ai-powered-plugin-generator-for-wordpress/,https://robertdevore.com/hello-plugin-pal-your-ai-powered-plugin-generator-for-wordpress/,content/posts/hello-plugin-pal-your-ai-powered-plugin-generator-for-wordpress.md,post,signal-c,normalized,decorative signal art,retained,,pending build
https://robertdevore.com/honoring-jesse-petersen-with-the-revival-of-stealth-login-page/,https://robertdevore.com/honoring-jesse-petersen-with-the-revival-of-stealth-login-page/,content/posts/honoring-jesse-petersen-with-the-revival-of-stealth-login-page.md,post,signal-a,normalized,decorative signal art,retained,,pending build
https://robertdevore.com/host-your-wordpress-plugins-on-github-and-automate-plugin-packaging/,https://robertdevore.com/host-your-wordpress-plugins-on-github-and-automate-plugin-packaging/,content/posts/host-your-wordpress-plugins-on-github-and-automate-plugin-packaging.md,post,signal-a,normalized,decorative signal art,retained,,pending build
https://robertdevore.com/how-a-security-audit-can-save-your-e-commerce-store-from-disaster/,https://robertdevore.com/how-a-security-audit-can-save-your-e-commerce-store-from-disaster/,content/posts/how-a-security-audit-can-save-your-e-commerce-store-from-disaster.md,post,signal-a,normalized,decorative signal art,retained,,pending build
https://robertdevore.com/how-hungry-are-you/,https://robertdevore.com/how-hungry-are-you/,content/posts/how-hungry-are-you.md,post,signal-a,normalized,decorative signal art,retained,,pending build
https://robertdevore.com/how-i-use-textexpander-to-reuse-my-best-ai-prompts/,https://robertdevore.com/how-i-use-textexpander-to-reuse-my-best-ai-prompts/,content/posts/how-i-use-textexpander-to-reuse-my-best-ai-prompts.md,post,signal-a,normalized,decorative signal art,retained,,pending build
https://robertdevore.com/how-to-block-website-tracking-data-in-woocommerce/,https://robertdevore.com/how-to-block-website-tracking-data-in-woocommerce/,content/posts/how-to-block-website-tracking-data-in-woocommerce.md,post,signal-c,normalized,decorative signal art,retained,,pending build
https://robertdevore.com/how-to-build-a-content-engine-that-scales-with-you/,https://robertdevore.com/how-to-build-a-content-engine-that-scales-with-you/,content/posts/how-to-build-a-content-engine-that-scales-with-you.md,post,signal-c,normalized,decorative signal art,retained,,pending build
https://robertdevore.com/how-to-build-modular-prompts-that-save-you-hours-per-week/,https://robertdevore.com/how-to-build-modular-prompts-that-save-you-hours-per-week/,content/posts/how-to-build-modular-prompts-that-save-you-hours-per-week.md,post,signal-c,normalized,decorative signal art,retained,,pending build
https://robertdevore.com/how-to-customize-the-style-of-your-wordpress-login-screen/,https://robertdevore.com/how-to-customize-the-style-of-your-wordpress-login-screen/,content/posts/how-to-customize-the-style-of-your-wordpress-login-screen.md,post,signal-c,normalized,decorative signal art,retained,,pending build
https://robertdevore.com/how-to-edit-ai-content-so-it-feels-clean-not-robotic/,https://robertdevore.com/how-to-edit-ai-content-so-it-feels-clean-not-robotic/,content/posts/how-to-edit-ai-content-so-it-feels-clean-not-robotic.md,post,signal-b,normalized,decorative signal art,retained,,pending build
https://robertdevore.com/how-to-stop-your-plugins-themes-from-being-used-on-wordpress-com-hosting/,https://robertdevore.com/how-to-stop-your-plugins-themes-from-being-used-on-wordpress-com-hosting/,content/posts/how-to-stop-your-plugins-themes-from-being-used-on-wordpress-com-hosting.md,post,signal-c,normalized,decorative signal art,retained,,pending build
https://robertdevore.com/how-to-teach-ai-to-match-your-voice/,https://robertdevore.com/how-to-teach-ai-to-match-your-voice/,content/posts/how-to-teach-ai-to-match-your-voice.md,post,signal-a,normalized,decorative signal art,retained,,pending build
https://robertdevore.com/how-to-use-ai-to-research-validate-ideas-and-stay-relevant/,https://robertdevore.com/how-to-use-ai-to-research-validate-ideas-and-stay-relevant/,content/posts/how-to-use-ai-to-research-validate-ideas-and-stay-relevant.md,post,signal-a,normalized,decorative signal art,retained,,pending build
https://robertdevore.com/how-to-write-prompts-that-get-the-tone-structure-and-intent-right/,https://robertdevore.com/how-to-write-prompts-that-get-the-tone-structure-and-intent-right/,content/posts/how-to-write-prompts-that-get-the-tone-structure-and-intent-right.md,post,signal-b,normalized,decorative signal art,retained,,pending build
https://robertdevore.com/hue-js/,https://robertdevore.com/hue-js/,content/posts/hue-js.md,post,signal-b,normalized,decorative signal art,retained,,pending build
https://robertdevore.com/i-built-a-python-stego-cipher-tool-and-you-can-have-it/,https://robertdevore.com/i-built-a-python-stego-cipher-tool-and-you-can-have-it/,content/posts/i-built-a-python-stego-cipher-tool-and-you-can-have-it.md,post,signal-a,normalized,decorative signal art,retained,,pending build
https://robertdevore.com/i-just-launched-a-python-course-for-php-developers/,https://robertdevore.com/i-just-launched-a-python-course-for-php-developers/,content/posts/i-just-launched-a-python-course-for-php-developers.md,post,signal-c,normalized,decorative signal art,retained,,pending build
https://robertdevore.com/im-freelancing-again/,https://robertdevore.com/im-freelancing-again/,content/posts/im-freelancing-again.md,post,signal-c,normalized,decorative signal art,retained,,pending build
https://robertdevore.com/improve-cls-scores-by-dynamically-setting-image-width-and-height/,https://robertdevore.com/improve-cls-scores-by-dynamically-setting-image-width-and-height/,content/posts/improve-cls-scores-by-dynamically-setting-image-width-and-height.md,post,signal-b,normalized,decorative signal art,retained,,pending build
https://robertdevore.com/intellipress-the-smart-af-ai-assistant-for-wordpress/,https://robertdevore.com/intellipress-the-smart-af-ai-assistant-for-wordpress/,content/posts/intellipress-the-smart-af-ai-assistant-for-wordpress.md,post,signal-b,normalized,decorative signal art,retained,,pending build
https://robertdevore.com/introducing-an-experimental-new-plugin-email-designer-for-woocommerce/,https://robertdevore.com/introducing-an-experimental-new-plugin-email-designer-for-woocommerce/,content/posts/introducing-an-experimental-new-plugin-email-designer-for-woocommerce.md,post,signal-b,normalized,decorative signal art,retained,,pending build
https://robertdevore.com/introducing-associated-taxonomies-for-wordpress/,https://robertdevore.com/introducing-associated-taxonomies-for-wordpress/,content/posts/introducing-associated-taxonomies-for-wordpress.md,post,signal-a,normalized,decorative signal art,retained,,pending build
https://robertdevore.com/introducing-automattic-css-an-open-source-css-utility-framework/,https://robertdevore.com/introducing-automattic-css-an-open-source-css-utility-framework/,content/posts/introducing-automattic-css-an-open-source-css-utility-framework.md,post,signal-c,normalized,decorative signal art,retained,,pending build
https://robertdevore.com/introducing-back-in-stock-notifications-for-woocommerce/,https://robertdevore.com/introducing-back-in-stock-notifications-for-woocommerce/,content/posts/introducing-back-in-stock-notifications-for-woocommerce.md,post,signal-b,normalized,decorative signal art,retained,,pending build
https://robertdevore.com/introducing-barcodes-for-woocommerce-free/,https://robertdevore.com/introducing-barcodes-for-woocommerce-free/,content/posts/introducing-barcodes-for-woocommerce-free.md,post,signal-a,normalized,decorative signal art,retained,,pending build
https://robertdevore.com/introducing-benchpress/,https://robertdevore.com/introducing-benchpress/,content/posts/introducing-benchpress.md,post,signal-a,normalized,decorative signal art,retained,,pending build
https://robertdevore.com/introducing-block-ai-crawlers-for-wordpress/,https://robertdevore.com/introducing-block-ai-crawlers-for-wordpress/,content/posts/introducing-block-ai-crawlers-for-wordpress.md,post,signal-b,normalized,decorative signal art,retained,,pending build
https://robertdevore.com/introducing-bluesky-feed-for-wordpress/,https://robertdevore.com/introducing-bluesky-feed-for-wordpress/,content/posts/introducing-bluesky-feed-for-wordpress.md,post,signal-a,normalized,decorative signal art,retained,,pending build
https://robertdevore.com/introducing-brands-for-woocommerce-free/,https://robertdevore.com/introducing-brands-for-woocommerce-free/,content/posts/introducing-brands-for-woocommerce-free.md,post,signal-b,normalized,decorative signal art,retained,,pending build
https://robertdevore.com/introducing-broken-image-scanner/,https://robertdevore.com/introducing-broken-image-scanner/,content/posts/introducing-broken-image-scanner.md,post,signal-a,normalized,decorative signal art,retained,,pending build
https://robertdevore.com/introducing-bulk-stock-management-for-woocommerce-free/,https://robertdevore.com/introducing-bulk-stock-management-for-woocommerce-free/,content/posts/introducing-bulk-stock-management-for-woocommerce-free.md,post,signal-c,normalized,decorative signal art,retained,,pending build
https://robertdevore.com/introducing-content-restriction-for-wordpress/,https://robertdevore.com/introducing-content-restriction-for-wordpress/,content/posts/introducing-content-restriction-for-wordpress.md,post,signal-c,normalized,decorative signal art,retained,,pending build
https://robertdevore.com/introducing-delete-inactive-users/,https://robertdevore.com/introducing-delete-inactive-users/,content/posts/introducing-delete-inactive-users.md,post,signal-b,normalized,decorative signal art,retained,,pending build
https://robertdevore.com/introducing-digg-this-a-social-sharing-plugin-for-wordpress/,https://robertdevore.com/introducing-digg-this-a-social-sharing-plugin-for-wordpress/,content/posts/introducing-digg-this-a-social-sharing-plugin-for-wordpress.md,post,signal-b,normalized,decorative signal art,retained,,pending build
https://robertdevore.com/introducing-dispensary-details-for-woocommerce/,https://robertdevore.com/introducing-dispensary-details-for-woocommerce/,content/posts/introducing-dispensary-details-for-woocommerce.md,post,signal-b,normalized,decorative signal art,retained,,pending build
https://robertdevore.com/introducing-gallery-modals-enhance-your-wordpress-galleries-with-stunning-popups/,https://robertdevore.com/introducing-gallery-modals-enhance-your-wordpress-galleries-with-stunning-popups/,content/posts/introducing-gallery-modals-enhance-your-wordpress-galleries-with-stunning-popups.md,post,signal-c,normalized,decorative signal art,retained,,pending build
https://robertdevore.com/introducing-gift-cards-for-woocommerce-free/,https://robertdevore.com/introducing-gift-cards-for-woocommerce-free/,content/posts/introducing-gift-cards-for-woocommerce-free.md,post,signal-c,normalized,decorative signal art,retained,,pending build
https://robertdevore.com/introducing-hpos-compatibility-scanner-for-woocommerce-free/,https://robertdevore.com/introducing-hpos-compatibility-scanner-for-woocommerce-free/,content/posts/introducing-hpos-compatibility-scanner-for-woocommerce-free.md,post,signal-b,normalized,decorative signal art,retained,,pending build
https://robertdevore.com/introducing-img-a11y/,https://robertdevore.com/introducing-img-a11y/,content/posts/introducing-img-a11y.md,post,signal-a,normalized,decorative signal art,retained,,pending build
https://robertdevore.com/introducing-intellipress-the-smart-ai-assistant-for-wordpress/,https://robertdevore.com/introducing-intellipress-the-smart-ai-assistant-for-wordpress/,content/posts/introducing-intellipress-the-smart-ai-assistant-for-wordpress.md,post,signal-b,normalized,decorative signal art,retained,,pending build
https://robertdevore.com/introducing-maintenance-mode-for-wordpress/,https://robertdevore.com/introducing-maintenance-mode-for-wordpress/,content/posts/introducing-maintenance-mode-for-wordpress.md,post,signal-b,normalized,decorative signal art,retained,,pending build
https://robertdevore.com/introducing-markdown-comments-for-wordpress/,https://robertdevore.com/introducing-markdown-comments-for-wordpress/,content/posts/introducing-markdown-comments-for-wordpress.md,post,signal-c,normalized,decorative signal art,retained,,pending build
https://robertdevore.com/introducing-markdown-exporter-for-wordpress/,https://robertdevore.com/introducing-markdown-exporter-for-wordpress/,content/posts/introducing-markdown-exporter-for-wordpress.md,post,signal-b,normalized,decorative signal art,retained,,pending build
https://robertdevore.com/introducing-media-copyright-scanner/,https://robertdevore.com/introducing-media-copyright-scanner/,content/posts/introducing-media-copyright-scanner.md,post,signal-c,normalized,decorative signal art,retained,,pending build
https://robertdevore.com/introducing-media-file-versioning-for-wordpress/,https://robertdevore.com/introducing-media-file-versioning-for-wordpress/,content/posts/introducing-media-file-versioning-for-wordpress.md,post,signal-b,normalized,decorative signal art,retained,,pending build
https://robertdevore.com/introducing-metadata-import-export-for-yoast-seo/,https://robertdevore.com/introducing-metadata-import-export-for-yoast-seo/,content/posts/introducing-metadata-import-export-for-yoast-seo.md,post,signal-b,normalized,decorative signal art,retained,,pending build
https://robertdevore.com/introducing-module-usage-tracker-for-wp-bakery/,https://robertdevore.com/introducing-module-usage-tracker-for-wp-bakery/,content/posts/introducing-module-usage-tracker-for-wp-bakery.md,post,signal-c,normalized,decorative signal art,retained,,pending build
https://robertdevore.com/introducing-pattern-pal-ai-powered-patterns-for-wordpress/,https://robertdevore.com/introducing-pattern-pal-ai-powered-patterns-for-wordpress/,content/posts/introducing-pattern-pal-ai-powered-patterns-for-wordpress.md,post,signal-a,normalized,decorative signal art,retained,,pending build
https://robertdevore.com/introducing-persistent-dismissible-notices/,https://robertdevore.com/introducing-persistent-dismissible-notices/,content/posts/introducing-persistent-dismissible-notices.md,post,signal-c,normalized,decorative signal art,retained,,pending build
https://robertdevore.com/introducing-projects-for-wordpress-a-better-way-to-showcase-your-work/,https://robertdevore.com/introducing-projects-for-wordpress-a-better-way-to-showcase-your-work/,content/posts/introducing-projects-for-wordpress-a-better-way-to-showcase-your-work.md,post,signal-b,normalized,decorative signal art,retained,,pending build
https://robertdevore.com/introducing-purchase-orders-for-woocommerce-free/,https://robertdevore.com/introducing-purchase-orders-for-woocommerce-free/,content/posts/introducing-purchase-orders-for-woocommerce-free.md,post,signal-a,normalized,decorative signal art,retained,,pending build
https://robertdevore.com/introducing-seo-for-wordpress/,https://robertdevore.com/introducing-seo-for-wordpress/,content/posts/introducing-seo-for-wordpress.md,post,signal-a,normalized,decorative signal art,retained,,pending build
https://robertdevore.com/introducing-shipping-multiple-addresses-for-woocommerce-free/,https://robertdevore.com/introducing-shipping-multiple-addresses-for-woocommerce-free/,content/posts/introducing-shipping-multiple-addresses-for-woocommerce-free.md,post,signal-c,normalized,decorative signal art,retained,,pending build
https://robertdevore.com/introducing-site-vitals-for-wordpress/,https://robertdevore.com/introducing-site-vitals-for-wordpress/,content/posts/introducing-site-vitals-for-wordpress.md,post,signal-c,normalized,decorative signal art,retained,,pending build
https://robertdevore.com/introducing-slop-stopper-a-free-content-checker-for-wordpress/,https://robertdevore.com/introducing-slop-stopper-a-free-content-checker-for-wordpress/,content/posts/introducing-slop-stopper-a-free-content-checker-for-wordpress.md,post,signal-a,normalized,decorative signal art,retained,,pending build
https://robertdevore.com/introducing-stats-for-wordpress/,https://robertdevore.com/introducing-stats-for-wordpress/,content/posts/introducing-stats-for-wordpress.md,post,signal-b,normalized,decorative signal art,retained,,pending build
https://robertdevore.com/introducing-table-block-enhancer-for-wordpress/,https://robertdevore.com/introducing-table-block-enhancer-for-wordpress/,content/posts/introducing-table-block-enhancer-for-wordpress.md,post,signal-c,normalized,decorative signal art,retained,,pending build
https://robertdevore.com/introducing-test-orders-for-woocommerce/,https://robertdevore.com/introducing-test-orders-for-woocommerce/,content/posts/introducing-test-orders-for-woocommerce.md,post,signal-a,normalized,decorative signal art,retained,,pending build
https://robertdevore.com/introducing-the-phlush-permalinks-wordpress-plugin/,https://robertdevore.com/introducing-the-phlush-permalinks-wordpress-plugin/,content/posts/introducing-the-phlush-permalinks-wordpress-plugin.md,post,signal-c,normalized,decorative signal art,retained,,pending build
https://robertdevore.com/introducing-the-prompts-library-a-playground-for-ai-creativity/,https://robertdevore.com/introducing-the-prompts-library-a-playground-for-ai-creativity/,content/posts/introducing-the-prompts-library-a-playground-for-ai-creativity.md,post,signal-b,normalized,decorative signal art,retained,,pending build
https://robertdevore.com/introducing-the-user-login-status-plugin-for-wordpress/,https://robertdevore.com/introducing-the-user-login-status-plugin-for-wordpress/,content/posts/introducing-the-user-login-status-plugin-for-wordpress.md,post,signal-a,normalized,decorative signal art,retained,,pending build
https://robertdevore.com/introducing-vertical-gallery-product-display-for-woocommerce/,https://robertdevore.com/introducing-vertical-gallery-product-display-for-woocommerce/,content/posts/introducing-vertical-gallery-product-display-for-woocommerce.md,post,signal-b,normalized,decorative signal art,retained,,pending build
https://robertdevore.com/introducing-widget-usage-tracker-for-elementor/,https://robertdevore.com/introducing-widget-usage-tracker-for-elementor/,content/posts/introducing-widget-usage-tracker-for-elementor.md,post,signal-b,normalized,decorative signal art,retained,,pending build
https://robertdevore.com/invest-in-yourself/,https://robertdevore.com/invest-in-yourself/,content/posts/invest-in-yourself.md,post,signal-a,normalized,decorative signal art,retained,,pending build
https://robertdevore.com/kevin-michael-geary-a-hidden-history-of-hate-racism-and-bigotry/,https://robertdevore.com/kevin-michael-geary-a-hidden-history-of-hate-racism-and-bigotry/,content/posts/kevin-michael-geary-a-hidden-history-of-hate-racism-and-bigotry.md,post,signal-a,normalized,decorative signal art,retained,,pending build
https://robertdevore.com/laravel-development/,https://robertdevore.com/laravel-development/,content/pages/laravel-development.md,legacy-page,legacy,normalized,decorative signal art,retained,stale claims require human review,pending build
https://robertdevore.com/leafly-reviews-wordpress-plugin/,https://robertdevore.com/leafly-reviews-wordpress-plugin/,content/posts/leafly-reviews-wordpress-plugin.md,post,signal-a,normalized,decorative signal art,retained,,pending build
https://robertdevore.com/leap-the-code-of-extreme-leadership/,https://robertdevore.com/leap-the-code-of-extreme-leadership/,content/posts/leap-the-code-of-extreme-leadership.md,post,signal-a,normalized,decorative signal art,retained,,pending build
https://robertdevore.com/making-up-for-lost-time/,https://robertdevore.com/making-up-for-lost-time/,content/posts/making-up-for-lost-time.md,post,signal-c,normalized,decorative signal art,retained,,pending build
https://robertdevore.com/mnml-free-minimalist-wordpress-theme/,https://robertdevore.com/mnml-free-minimalist-wordpress-theme/,content/posts/mnml-free-minimalist-wordpress-theme.md,post,signal-a,normalized,decorative signal art,retained,,pending build
https://robertdevore.com/mvp-app-build/,https://robertdevore.com/mvp-app-build/,content/pages/mvp-app-build.md,legacy-page,legacy,normalized,decorative signal art,retained,stale claims require human review,pending build
https://robertdevore.com/my-brothers-keeper-sons-of-anarchy-fanfiction/,https://robertdevore.com/my-brothers-keeper-sons-of-anarchy-fanfiction/,content/posts/my-brothers-keeper-sons-of-anarchy-fanfiction.md,post,signal-b,normalized,decorative signal art,retained,,pending build
https://robertdevore.com/my-development-projects/,https://robertdevore.com/my-development-projects/,content/posts/my-development-projects.md,post,signal-b,normalized,decorative signal art,retained,,pending build
https://robertdevore.com/nextjs-development/,https://robertdevore.com/nextjs-development/,content/pages/nextjs-development.md,legacy-page,legacy,normalized,decorative signal art,retained,stale claims require human review,pending build
https://robertdevore.com/open-source-is-anarchism-in-action/,https://robertdevore.com/open-source-is-anarchism-in-action/,content/posts/open-source-is-anarchism-in-action.md,post,signal-b,normalized,decorative signal art,retained,,pending build
https://robertdevore.com/organized-chaos/,https://robertdevore.com/organized-chaos/,content/posts/organized-chaos.md,post,signal-c,normalized,decorative signal art,retained,,pending build
https://robertdevore.com/page-speed-optimization/,https://robertdevore.com/page-speed-optimization/,content/pages/page-speed-optimization.md,legacy-page,legacy,normalized,decorative signal art,retained,stale claims require human review,pending build
https://robertdevore.com/patience/,https://robertdevore.com/patience/,content/posts/patience.md,post,signal-b,normalized,decorative signal art,retained,,pending build
https://robertdevore.com/peddle-free-wordpress-theme-for-easy-digital-downloads/,https://robertdevore.com/peddle-free-wordpress-theme-for-easy-digital-downloads/,content/posts/peddle-free-wordpress-theme-for-easy-digital-downloads.md,post,signal-c,normalized,decorative signal art,retained,,pending build
https://robertdevore.com/plan-prompt-publish-a-practical-guide-to-creating-beautifully-useful-content-with-ai/,https://robertdevore.com/plan-prompt-publish-a-practical-guide-to-creating-beautifully-useful-content-with-ai/,content/posts/plan-prompt-publish-a-practical-guide-to-creating-beautifully-useful-content-with-ai.md,post,signal-a,normalized,decorative signal art,retained,,pending build
https://robertdevore.com/portfolio/,https://robertdevore.com/portfolio/,content/pages/portfolio.md,legacy-page,legacy,normalized,decorative signal art,retained,stale claims require human review,pending build
https://robertdevore.com/react-native-development/,https://robertdevore.com/react-native-development/,content/pages/react-native-development.md,legacy-page,legacy,normalized,decorative signal art,retained,stale claims require human review,pending build
https://robertdevore.com/release-notes-back-in-stock-notifications-for-woocommerce-free-v1-0-1/,https://robertdevore.com/release-notes-back-in-stock-notifications-for-woocommerce-free-v1-0-1/,content/posts/release-notes-back-in-stock-notifications-for-woocommerce-free-v1-0-1.md,post,signal-a,normalized,decorative signal art,retained,,pending build
https://robertdevore.com/relentless/,https://robertdevore.com/relentless/,content/posts/relentless.md,post,signal-a,normalized,decorative signal art,retained,,pending build
https://robertdevore.com/rethinking-keyword-research-in-the-age-of-ai/,https://robertdevore.com/rethinking-keyword-research-in-the-age-of-ai/,content/posts/rethinking-keyword-research-in-the-age-of-ai.md,post,signal-c,normalized,decorative signal art,retained,,pending build
https://robertdevore.com/reusable-flask-error-handling-a-step-by-step-guide-to-modular-http-error-responses/,https://robertdevore.com/reusable-flask-error-handling-a-step-by-step-guide-to-modular-http-error-responses/,content/posts/reusable-flask-error-handling-a-step-by-step-guide-to-modular-http-error-responses.md,post,signal-c,normalized,decorative signal art,retained,,pending build
https://robertdevore.com/run-a-tor-relay/,https://robertdevore.com/run-a-tor-relay/,content/posts/run-a-tor-relay.md,post,signal-b,normalized,decorative signal art,retained,,pending build
https://robertdevore.com/say-goodbye-to-wordpress/,https://robertdevore.com/say-goodbye-to-wordpress/,content/posts/say-goodbye-to-wordpress.md,post,signal-b,normalized,decorative signal art,retained,,pending build
https://robertdevore.com/security-audit/,https://robertdevore.com/security-audit/,content/pages/security-audit.md,legacy-page,legacy,normalized,decorative signal art,retained,stale claims require human review,pending build
https://robertdevore.com/set-featured-images-programatically-wordpress/,https://robertdevore.com/set-featured-images-programatically-wordpress/,content/posts/set-featured-images-programatically-wordpress.md,post,signal-a,normalized,decorative signal art,retained,,pending build
https://robertdevore.com/slackedd/,https://robertdevore.com/slackedd/,content/posts/slackedd.md,post,signal-a,normalized,decorative signal art,retained,,pending build
https://robertdevore.com/stattic-v0-3-0-release-llms-txt-faster-gifs-leaner-core-and-smarter-routing/,https://robertdevore.com/stattic-v0-3-0-release-llms-txt-faster-gifs-leaner-core-and-smarter-routing/,content/posts/stattic-v0-3-0-release-llms-txt-faster-gifs-leaner-core-and-smarter-routing.md,post,signal-a,normalized,decorative signal art,retained,,pending build
https://robertdevore.com/stattic-v1-0-the-worlds-fastest-python-based-static-site-generator/,https://robertdevore.com/stattic-v1-0-the-worlds-fastest-python-based-static-site-generator/,content/posts/stattic-v1-0-the-worlds-fastest-python-based-static-site-generator.md,post,signal-b,normalized,decorative signal art,retained,,pending build
https://robertdevore.com/stop-gambling-with-client-trust-why-skipping-a-security-audit-is-a-risk-you-cant-afford/,https://robertdevore.com/stop-gambling-with-client-trust-why-skipping-a-security-audit-is-a-risk-you-cant-afford/,content/posts/stop-gambling-with-client-trust-why-skipping-a-security-audit-is-a-risk-you-cant-afford.md,post,signal-a,normalized,decorative signal art,retained,,pending build
https://robertdevore.com/thank-you-wordpress/,https://robertdevore.com/thank-you-wordpress/,content/posts/thank-you-wordpress.md,post,signal-c,normalized,decorative signal art,retained,,pending build
https://robertdevore.com/the-fastest-way-for-php-devs-to-learn-python/,https://robertdevore.com/the-fastest-way-for-php-devs-to-learn-python/,content/posts/the-fastest-way-for-php-devs-to-learn-python.md,post,signal-b,normalized,decorative signal art,retained,,pending build
https://robertdevore.com/the-past-present-and-future-of-wp-dispensary/,https://robertdevore.com/the-past-present-and-future-of-wp-dispensary/,content/posts/the-past-present-and-future-of-wp-dispensary.md,post,signal-b,normalized,decorative signal art,retained,,pending build
https://robertdevore.com/tools-and-workflows-for-formatting-visuals-and-citations/,https://robertdevore.com/tools-and-workflows-for-formatting-visuals-and-citations/,content/posts/tools-and-workflows-for-formatting-visuals-and-citations.md,post,signal-a,normalized,decorative signal art,retained,,pending build
https://robertdevore.com/twitter-marketing/,https://robertdevore.com/twitter-marketing/,content/posts/twitter-marketing.md,post,signal-c,normalized,decorative signal art,retained,,pending build
https://robertdevore.com/two-years-building-wp-dispensary/,https://robertdevore.com/two-years-building-wp-dispensary/,content/posts/two-years-building-wp-dispensary.md,post,signal-c,normalized,decorative signal art,retained,,pending build
https://robertdevore.com/use-ai-to-create-your-own-wwf-action-figure-blister-packs/,https://robertdevore.com/use-ai-to-create-your-own-wwf-action-figure-blister-packs/,content/posts/use-ai-to-create-your-own-wwf-action-figure-blister-packs.md,post,signal-a,normalized,decorative signal art,retained,,pending build
https://robertdevore.com/what-makes-content-beautifully-useful/,https://robertdevore.com/what-makes-content-beautifully-useful/,content/posts/what-makes-content-beautifully-useful.md,post,signal-b,normalized,decorative signal art,retained,,pending build
https://robertdevore.com/why-im-launching-devio-chat-and-letting-you-in-early/,https://robertdevore.com/why-im-launching-devio-chat-and-letting-you-in-early/,content/posts/why-im-launching-devio-chat-and-letting-you-in-early.md,post,signal-b,normalized,decorative signal art,retained,,pending build
https://robertdevore.com/why-wordpress-plugin-developers-need-security-audits/,https://robertdevore.com/why-wordpress-plugin-developers-need-security-audits/,content/posts/why-wordpress-plugin-developers-need-security-audits.md,post,signal-c,normalized,decorative signal art,retained,,pending build
https://robertdevore.com/woocommerce-dispensary-details-plugin/,https://robertdevore.com/woocommerce-dispensary-details-plugin/,content/posts/woocommerce-dispensary-details-plugin.md,post,signal-a,normalized,decorative signal art,retained,,pending build
https://robertdevore.com/wordpress-custom-post-types-code-snippets/,https://robertdevore.com/wordpress-custom-post-types-code-snippets/,content/posts/wordpress-custom-post-types-code-snippets.md,post,signal-a,normalized,decorative signal art,retained,,pending build
https://robertdevore.com/wordpress-development/,https://robertdevore.com/wordpress-development/,content/pages/wordpress-development.md,legacy-page,legacy,normalized,decorative signal art,retained,stale claims require human review,pending build
https://robertdevore.com/wordpress-plugin-security-is-a-joke-and-youre-the-punchline/,https://robertdevore.com/wordpress-plugin-security-is-a-joke-and-youre-the-punchline/,content/posts/wordpress-plugin-security-is-a-joke-and-youre-the-punchline.md,post,signal-c,normalized,decorative signal art,retained,,pending build
https://robertdevore.com/wordpress-woocommerce-plugins-i-will-no-longer-maintain/,https://robertdevore.com/wordpress-woocommerce-plugins-i-will-no-longer-maintain/,content/posts/wordpress-woocommerce-plugins-i-will-no-longer-maintain.md,post,signal-a,normalized,decorative signal art,retained,,pending build
https://robertdevore.com/wp-dispensary/,https://robertdevore.com/wp-dispensary/,content/posts/wp-dispensary.md,post,signal-c,normalized,decorative signal art,retained,,pending build
https://robertdevore.com/wp-dispensary-v2/,https://robertdevore.com/wp-dispensary-v2/,content/posts/wp-dispensary-v2.md,post,signal-c,normalized,decorative signal art,retained,,pending build
https://robertdevore.com/wp-townhall-13-the-debate-kevin-geary-doesnt-want-you-to-see/,https://robertdevore.com/wp-townhall-13-the-debate-kevin-geary-doesnt-want-you-to-see/,content/posts/wp-townhall-13-the-debate-kevin-geary-doesnt-want-you-to-see.md,post,signal-b,normalized,decorative signal art,retained,,pending build
https://robertdevore.com/wtf-is-wordpress/,https://robertdevore.com/wtf-is-wordpress/,content/posts/wtf-is-wordpress.md,post,signal-b,normalized,decorative signal art,retained,,pending build
https://robertdevore.com/zero-cool-cli-a-hackers-terminal-from-1995/,https://robertdevore.com/zero-cool-cli-a-hackers-terminal-from-1995/,content/posts/zero-cool-cli-a-hackers-terminal-from-1995.md,post,signal-a,normalized,decorative signal art,retained,,pending build
