phase,url,page_depth,internal_inbound_links,internal_outbound_links,external_outbound_links,orphan,pages_over_three_clicks,broken_internal_links,redirect_chain,crawlable_html_links,issues
baseline,https://robertdevore.com/,0,330,26,8,False,False,0,False,True,
baseline,https://robertdevore.com/5-python-scripts-for-osint-and-pentesting/,2,6,18,13,False,False,0,False,True,
baseline,https://robertdevore.com/5-questions-you-must-answer-before-writing-anything/,3,6,19,2,False,False,0,False,True,
baseline,https://robertdevore.com/5-things-i-learned-building-my-first-gutenberg-blocks-plugin/,3,5,18,26,False,False,0,False,True,
baseline,https://robertdevore.com/7-days-full-time-wp-dispensary/,3,6,21,17,False,False,0,False,True,
baseline,https://robertdevore.com/about/,1,381,15,2,False,False,0,False,True,
baseline,https://robertdevore.com/all-in-one-wp-migration-plugin-ddos-attack/,3,6,19,16,False,False,0,False,True,
baseline,https://robertdevore.com/back-to-basics/,3,5,20,9,False,False,0,False,True,
baseline,https://robertdevore.com/blog/,1,531,52,2,False,False,0,False,True,
baseline,https://robertdevore.com/blog/page/10/,3,6,55,2,False,False,0,False,True,
baseline,https://robertdevore.com/blog/page/11/,3,5,54,2,False,False,0,False,True,
baseline,https://robertdevore.com/blog/page/12/,2,12,34,2,False,False,0,False,True,
baseline,https://robertdevore.com/blog/page/2/,2,5,54,2,False,False,0,False,True,
baseline,https://robertdevore.com/blog/page/3/,2,6,55,2,False,False,0,False,True,
baseline,https://robertdevore.com/blog/page/4/,3,6,56,2,False,False,0,False,True,
baseline,https://robertdevore.com/blog/page/5/,3,6,56,2,False,False,0,False,True,
baseline,https://robertdevore.com/blog/page/6/,4,6,56,2,False,True,0,False,True,more than three clicks from homepage
baseline,https://robertdevore.com/blog/page/7/,4,6,56,2,False,True,0,False,True,more than three clicks from homepage
baseline,https://robertdevore.com/blog/page/8/,4,6,56,2,False,True,0,False,True,more than three clicks from homepage
baseline,https://robertdevore.com/blog/page/9/,4,6,56,2,False,True,0,False,True,more than three clicks from homepage
baseline,https://robertdevore.com/boostbox-free-popups-that-work-pro-popups-that-convert/,3,5,23,8,False,False,5,False,True,5 broken internal links
baseline,https://robertdevore.com/boostbox-wordpress-popup-builder-for-the-core-editor/,3,5,18,24,False,False,0,False,True,
baseline,https://robertdevore.com/cannabis-health-benefits/,3,5,18,27,False,False,0,False,True,
baseline,https://robertdevore.com/cannabiz/,3,8,19,22,False,False,0,False,True,
baseline,https://robertdevore.com/category/,unreachable,0,27,2,True,False,0,False,True,orphan
baseline,https://robertdevore.com/category/ai-content-systems/,unreachable,3,25,2,False,False,0,False,True,
baseline,https://robertdevore.com/category/developer-tools/,unreachable,3,22,2,False,False,0,False,True,
baseline,https://robertdevore.com/category/engineering-archive/,unreachable,3,15,2,False,False,0,False,True,
baseline,https://robertdevore.com/category/field-notes/,unreachable,3,13,2,False,False,0,False,True,
baseline,https://robertdevore.com/category/wordpress-archive/,unreachable,3,122,2,False,False,0,False,True,
baseline,https://robertdevore.com/celebrating-gaad-with-img-a11y-v1-1-0/,3,5,21,5,False,False,3,False,True,3 broken internal links
baseline,https://robertdevore.com/chapters-for-authors-wordpress-plugin/,3,6,19,16,False,False,0,False,True,
baseline,https://robertdevore.com/clean-blog-free-wordpress-theme/,3,10,19,20,False,False,0,False,True,
baseline,https://robertdevore.com/complete-beginners-guide-building-a-python-url-checker-for-google-sheets/,2,16,18,3,False,False,0,False,True,
baseline,https://robertdevore.com/contact/,1,381,12,2,False,False,0,False,True,
baseline,https://robertdevore.com/creating-my-own-cipher-code/,3,7,18,8,False,False,0,False,True,
baseline,https://robertdevore.com/customer-loyalty-for-woocommerce-v2/,3,6,19,8,False,False,0,False,True,
baseline,https://robertdevore.com/db-version-control-wordpress-plugin/,3,5,18,6,False,False,0,False,True,
baseline,https://robertdevore.com/december-2024-a-retrospective/,3,7,42,46,False,False,3,False,True,3 broken internal links
baseline,https://robertdevore.com/delivery-drivers-for-woocommerce/,3,7,19,9,False,False,0,False,True,
baseline,https://robertdevore.com/devio-digital/,3,5,22,10,False,False,0,False,True,
baseline,https://robertdevore.com/dispensary-wordpress-plugins-2017/,3,6,20,34,False,False,0,False,True,
baseline,https://robertdevore.com/do-less-deliver-more/,2,8,18,3,False,False,0,False,True,
baseline,https://robertdevore.com/docupress-documentation-plugin-for-wordpress/,3,6,19,11,False,False,0,False,True,
baseline,https://robertdevore.com/dont-shoot-the-messenger-choose-courage-over-convenience/,3,5,22,8,False,False,1,False,True,1 broken internal links
baseline,https://robertdevore.com/extreme-programming-for-extreme-leaders/,2,8,21,4,False,False,1,False,True,1 broken internal links
baseline,https://robertdevore.com/focus/,3,8,18,6,False,False,0,False,True,
baseline,https://robertdevore.com/forever-forward/,1,39,21,9,False,False,0,False,True,
baseline,https://robertdevore.com/going-all-in-one-year-later/,3,6,23,25,False,False,0,False,True,
baseline,https://robertdevore.com/going-all-in-with-wp-dispensary/,3,12,21,14,False,False,0,False,True,
baseline,https://robertdevore.com/goodbye-wordpress-a-eulogy/,2,7,26,19,False,False,4,False,True,4 broken internal links
baseline,https://robertdevore.com/grateful-to-see-21-of-my-wordpress-plugins-live-on-at-webdevstudios/,2,115,19,26,False,False,0,False,True,
baseline,https://robertdevore.com/hello-2017/,3,7,19,6,False,False,0,False,True,
baseline,https://robertdevore.com/hello-plugin-pal-your-ai-powered-plugin-generator-for-wordpress/,3,5,21,19,False,False,1,False,True,1 broken internal links
baseline,https://robertdevore.com/honoring-jesse-petersen-with-the-revival-of-stealth-login-page/,3,5,18,7,False,False,0,False,True,
baseline,https://robertdevore.com/host-your-wordpress-plugins-on-github-and-automate-plugin-packaging/,3,6,18,3,False,False,0,False,True,
baseline,https://robertdevore.com/how-a-security-audit-can-save-your-e-commerce-store-from-disaster/,3,6,22,2,False,False,3,False,True,3 broken internal links
baseline,https://robertdevore.com/how-hungry-are-you/,3,5,18,5,False,False,0,False,True,
baseline,https://robertdevore.com/how-i-use-textexpander-to-reuse-my-best-ai-prompts/,3,5,19,6,False,False,0,False,True,
baseline,https://robertdevore.com/how-to-block-website-tracking-data-in-woocommerce/,3,7,20,8,False,False,0,False,True,
baseline,https://robertdevore.com/how-to-build-a-content-engine-that-scales-with-you/,3,18,20,3,False,False,0,False,True,
baseline,https://robertdevore.com/how-to-build-modular-prompts-that-save-you-hours-per-week/,3,9,20,3,False,False,0,False,True,
baseline,https://robertdevore.com/how-to-customize-the-style-of-your-wordpress-login-screen/,3,5,19,9,False,False,0,False,True,
baseline,https://robertdevore.com/how-to-edit-ai-content-so-it-feels-clean-not-robotic/,3,18,19,2,False,False,0,False,True,
baseline,https://robertdevore.com/how-to-stop-your-plugins-themes-from-being-used-on-wordpress-com-hosting/,3,7,19,4,False,False,1,False,True,1 broken internal links
baseline,https://robertdevore.com/how-to-teach-ai-to-match-your-voice/,3,7,19,2,False,False,0,False,True,
baseline,https://robertdevore.com/how-to-use-ai-to-research-validate-ideas-and-stay-relevant/,3,6,19,2,False,False,0,False,True,
baseline,https://robertdevore.com/how-to-write-prompts-that-get-the-tone-structure-and-intent-right/,3,6,19,2,False,False,0,False,True,
baseline,https://robertdevore.com/hue-js/,3,5,19,19,False,False,0,False,True,
baseline,https://robertdevore.com/i-built-a-python-stego-cipher-tool-and-you-can-have-it/,2,16,20,5,False,False,0,False,True,
baseline,https://robertdevore.com/i-just-launched-a-python-course-for-php-developers/,2,9,21,26,False,False,0,False,True,
baseline,https://robertdevore.com/im-freelancing-again/,3,6,30,14,False,False,8,False,True,8 broken internal links
baseline,https://robertdevore.com/improve-cls-scores-by-dynamically-setting-image-width-and-height/,3,5,19,5,False,False,0,False,True,
baseline,https://robertdevore.com/intellipress-the-smart-af-ai-assistant-for-wordpress/,3,5,20,5,False,False,2,False,True,2 broken internal links
baseline,https://robertdevore.com/introducing-an-experimental-new-plugin-email-designer-for-woocommerce/,3,6,19,9,False,False,0,False,True,
baseline,https://robertdevore.com/introducing-associated-taxonomies-for-wordpress/,3,6,19,5,False,False,0,False,True,
baseline,https://robertdevore.com/introducing-automattic-css-an-open-source-css-utility-framework/,3,5,19,10,False,False,0,False,True,
baseline,https://robertdevore.com/introducing-back-in-stock-notifications-for-woocommerce/,3,6,20,6,False,False,1,False,True,1 broken internal links
baseline,https://robertdevore.com/introducing-barcodes-for-woocommerce-free/,3,6,19,7,False,False,0,False,True,
baseline,https://robertdevore.com/introducing-benchpress/,3,6,19,6,False,False,1,False,True,1 broken internal links
baseline,https://robertdevore.com/introducing-block-ai-crawlers-for-wordpress/,3,5,18,10,False,False,0,False,True,
baseline,https://robertdevore.com/introducing-bluesky-feed-for-wordpress/,3,6,19,6,False,False,0,False,True,
baseline,https://robertdevore.com/introducing-brands-for-woocommerce-free/,3,6,19,8,False,False,0,False,True,
baseline,https://robertdevore.com/introducing-broken-image-scanner/,3,5,19,5,False,False,0,False,True,
baseline,https://robertdevore.com/introducing-bulk-stock-management-for-woocommerce-free/,3,6,19,7,False,False,0,False,True,
baseline,https://robertdevore.com/introducing-content-restriction-for-wordpress/,3,5,18,6,False,False,0,False,True,
baseline,https://robertdevore.com/introducing-delete-inactive-users/,3,5,18,6,False,False,0,False,True,
baseline,https://robertdevore.com/introducing-digg-this-a-social-sharing-plugin-for-wordpress/,3,5,19,9,False,False,0,False,True,
baseline,https://robertdevore.com/introducing-dispensary-details-for-woocommerce/,3,6,23,3,False,False,4,False,True,4 broken internal links
baseline,https://robertdevore.com/introducing-gallery-modals-enhance-your-wordpress-galleries-with-stunning-popups/,3,5,19,5,False,False,1,False,True,1 broken internal links
baseline,https://robertdevore.com/introducing-gift-cards-for-woocommerce-free/,3,6,20,6,False,False,0,False,True,
baseline,https://robertdevore.com/introducing-hpos-compatibility-scanner-for-woocommerce-free/,3,7,19,6,False,False,0,False,True,
baseline,https://robertdevore.com/introducing-img-a11y/,3,6,18,4,False,False,0,False,True,
baseline,https://robertdevore.com/introducing-intellipress-the-smart-ai-assistant-for-wordpress/,3,5,18,10,False,False,0,False,True,
baseline,https://robertdevore.com/introducing-maintenance-mode-for-wordpress/,3,5,18,10,False,False,0,False,True,
baseline,https://robertdevore.com/introducing-markdown-comments-for-wordpress/,2,5,20,5,False,False,2,False,True,2 broken internal links
baseline,https://robertdevore.com/introducing-markdown-exporter-for-wordpress/,3,5,18,12,False,False,0,False,True,
baseline,https://robertdevore.com/introducing-media-copyright-scanner/,3,6,18,6,False,False,0,False,True,
baseline,https://robertdevore.com/introducing-media-file-versioning-for-wordpress/,3,6,18,6,False,False,0,False,True,
baseline,https://robertdevore.com/introducing-metadata-import-export-for-yoast-seo/,3,6,18,6,False,False,0,False,True,
baseline,https://robertdevore.com/introducing-module-usage-tracker-for-wp-bakery/,3,5,18,6,False,False,0,False,True,
baseline,https://robertdevore.com/introducing-pattern-pal-ai-powered-patterns-for-wordpress/,3,5,18,8,False,False,0,False,True,
baseline,https://robertdevore.com/introducing-persistent-dismissible-notices/,3,6,18,7,False,False,0,False,True,
baseline,https://robertdevore.com/introducing-projects-for-wordpress-a-better-way-to-showcase-your-work/,3,5,23,4,False,False,4,False,True,4 broken internal links
baseline,https://robertdevore.com/introducing-purchase-orders-for-woocommerce-free/,3,7,19,7,False,False,0,False,True,
baseline,https://robertdevore.com/introducing-seo-for-wordpress/,3,6,18,10,False,False,0,False,True,
baseline,https://robertdevore.com/introducing-shipping-multiple-addresses-for-woocommerce-free/,3,7,19,8,False,False,0,False,True,
baseline,https://robertdevore.com/introducing-site-vitals-for-wordpress/,3,6,18,6,False,False,0,False,True,
baseline,https://robertdevore.com/introducing-slop-stopper-a-free-content-checker-for-wordpress/,3,5,21,2,False,False,3,False,True,3 broken internal links
baseline,https://robertdevore.com/introducing-stats-for-wordpress/,3,6,18,9,False,False,0,False,True,
baseline,https://robertdevore.com/introducing-table-block-enhancer-for-wordpress/,3,6,18,8,False,False,0,False,True,
baseline,https://robertdevore.com/introducing-test-orders-for-woocommerce/,3,7,20,8,False,False,0,False,True,
baseline,https://robertdevore.com/introducing-the-phlush-permalinks-wordpress-plugin/,3,5,18,4,False,False,0,False,True,
baseline,https://robertdevore.com/introducing-the-prompts-library-a-playground-for-ai-creativity/,3,5,18,11,False,False,0,False,True,
baseline,https://robertdevore.com/introducing-the-user-login-status-plugin-for-wordpress/,3,5,19,4,False,False,1,False,True,1 broken internal links
baseline,https://robertdevore.com/introducing-vertical-gallery-product-display-for-woocommerce/,3,7,19,5,False,False,0,False,True,
baseline,https://robertdevore.com/introducing-widget-usage-tracker-for-elementor/,3,5,19,6,False,False,0,False,True,
baseline,https://robertdevore.com/invest-in-yourself/,4,5,19,12,False,True,0,False,True,more than three clicks from homepage
baseline,https://robertdevore.com/kevin-michael-geary-a-hidden-history-of-hate-racism-and-bigotry/,3,13,18,23,False,False,0,False,True,
baseline,https://robertdevore.com/leafly-reviews-wordpress-plugin/,3,8,18,9,False,False,0,False,True,
baseline,https://robertdevore.com/leap-the-code-of-extreme-leadership/,1,20,18,3,False,False,0,False,True,
baseline,https://robertdevore.com/making-up-for-lost-time/,4,7,17,2,False,True,0,False,True,more than three clicks from homepage
baseline,https://robertdevore.com/mnml-free-minimalist-wordpress-theme/,3,7,19,12,False,False,0,False,True,
baseline,https://robertdevore.com/my-brothers-keeper-sons-of-anarchy-fanfiction/,3,5,22,5,False,False,3,False,True,3 broken internal links
baseline,https://robertdevore.com/my-development-projects/,3,6,21,18,False,False,0,False,True,
baseline,https://robertdevore.com/open-source-is-anarchism-in-action/,2,7,18,2,False,False,0,False,True,
baseline,https://robertdevore.com/organized-chaos/,4,7,17,7,False,True,0,False,True,more than three clicks from homepage
baseline,https://robertdevore.com/page/10/,unreachable,0,26,8,True,False,0,False,True,orphan
baseline,https://robertdevore.com/page/11/,unreachable,0,26,8,True,False,0,False,True,orphan
baseline,https://robertdevore.com/page/12/,unreachable,0,26,8,True,False,0,False,True,orphan
baseline,https://robertdevore.com/page/2/,unreachable,0,26,8,True,False,0,False,True,orphan
baseline,https://robertdevore.com/page/3/,unreachable,0,26,8,True,False,0,False,True,orphan
baseline,https://robertdevore.com/page/4/,unreachable,0,26,8,True,False,0,False,True,orphan
baseline,https://robertdevore.com/page/5/,unreachable,0,26,8,True,False,0,False,True,orphan
baseline,https://robertdevore.com/page/6/,unreachable,0,26,8,True,False,0,False,True,orphan
baseline,https://robertdevore.com/page/7/,unreachable,0,26,8,True,False,0,False,True,orphan
baseline,https://robertdevore.com/page/8/,unreachable,0,26,8,True,False,0,False,True,orphan
baseline,https://robertdevore.com/page/9/,unreachable,0,26,8,True,False,0,False,True,orphan
baseline,https://robertdevore.com/patience/,3,5,21,3,False,False,0,False,True,
baseline,https://robertdevore.com/peddle-free-wordpress-theme-for-easy-digital-downloads/,3,6,20,17,False,False,0,False,True,
baseline,https://robertdevore.com/plan-prompt-publish-a-practical-guide-to-creating-beautifully-useful-content-with-ai/,3,16,27,2,False,False,0,False,True,
baseline,https://robertdevore.com/projects/,1,392,13,33,False,False,0,False,True,
baseline,https://robertdevore.com/projects/agents-sdk/,unreachable,0,14,3,True,False,0,False,True,orphan
baseline,https://robertdevore.com/projects/dispatch/,unreachable,0,14,3,True,False,0,False,True,orphan
baseline,https://robertdevore.com/projects/kujo/,1,13,14,4,False,False,0,False,True,
baseline,https://robertdevore.com/projects/lens/,unreachable,0,14,3,True,False,0,False,True,orphan
baseline,https://robertdevore.com/projects/sitekit/,unreachable,0,14,3,True,False,0,False,True,orphan
baseline,https://robertdevore.com/projects/ssg/,unreachable,0,14,3,True,False,0,False,True,orphan
baseline,https://robertdevore.com/release-notes-back-in-stock-notifications-for-woocommerce-free-v1-0-1/,3,6,20,3,False,False,0,False,True,
baseline,https://robertdevore.com/relentless/,3,5,18,11,False,False,0,False,True,
baseline,https://robertdevore.com/rethinking-keyword-research-in-the-age-of-ai/,3,5,18,6,False,False,0,False,True,
baseline,https://robertdevore.com/reusable-flask-error-handling-a-step-by-step-guide-to-modular-http-error-responses/,3,5,18,4,False,False,0,False,True,
baseline,https://robertdevore.com/run-a-tor-relay/,3,5,21,15,False,False,0,False,True,
baseline,https://robertdevore.com/say-goodbye-to-wordpress/,3,5,19,3,False,False,0,False,True,
baseline,https://robertdevore.com/set-featured-images-programatically-wordpress/,3,6,19,4,False,False,0,False,True,
baseline,https://robertdevore.com/slackedd/,3,6,18,15,False,False,0,False,True,
baseline,https://robertdevore.com/stattic-v0-3-0-release-llms-txt-faster-gifs-leaner-core-and-smarter-routing/,3,5,18,4,False,False,0,False,True,
baseline,https://robertdevore.com/stattic-v1-0-the-worlds-fastest-python-based-static-site-generator/,1,150,21,14,False,False,0,False,True,
baseline,https://robertdevore.com/stop-gambling-with-client-trust-why-skipping-a-security-audit-is-a-risk-you-cant-afford/,3,5,23,2,False,False,5,False,True,5 broken internal links
baseline,https://robertdevore.com/tag/,unreachable,0,30,2,True,False,0,False,True,orphan
baseline,https://robertdevore.com/tag/ai/,2,17,25,2,False,False,0,False,True,
baseline,https://robertdevore.com/tag/archive/,unreachable,3,15,2,False,False,0,False,True,
baseline,https://robertdevore.com/tag/engineering/,2,14,22,2,False,False,0,False,True,
baseline,https://robertdevore.com/tag/essays/,5,4,13,2,False,True,0,False,True,more than three clicks from homepage
baseline,https://robertdevore.com/tag/woocommerce/,3,34,43,2,False,False,0,False,True,
baseline,https://robertdevore.com/tag/wordpress/,2,113,122,2,False,False,0,False,True,
baseline,https://robertdevore.com/thank-you-wordpress/,3,7,19,8,False,False,0,False,True,
baseline,https://robertdevore.com/the-fastest-way-for-php-devs-to-learn-python/,2,115,19,7,False,False,0,False,True,
baseline,https://robertdevore.com/the-past-present-and-future-of-wp-dispensary/,3,5,19,10,False,False,0,False,True,
baseline,https://robertdevore.com/tools-and-workflows-for-formatting-visuals-and-citations/,3,18,20,16,False,False,0,False,True,
baseline,https://robertdevore.com/twitter-marketing/,4,8,17,38,False,True,0,False,True,more than three clicks from homepage
baseline,https://robertdevore.com/two-years-building-wp-dispensary/,3,6,21,51,False,False,0,False,True,
baseline,https://robertdevore.com/use-ai-to-create-your-own-wwf-action-figure-blister-packs/,3,5,18,7,False,False,0,False,True,
baseline,https://robertdevore.com/what-makes-content-beautifully-useful/,3,6,19,2,False,False,0,False,True,
baseline,https://robertdevore.com/why-wordpress-plugin-developers-need-security-audits/,3,5,22,2,False,False,4,False,True,4 broken internal links
baseline,https://robertdevore.com/woocommerce-dispensary-details-plugin/,3,6,26,9,False,False,0,False,True,
baseline,https://robertdevore.com/wordpress-custom-post-types-code-snippets/,3,6,18,20,False,False,0,False,True,
baseline,https://robertdevore.com/wordpress-plugin-security-is-a-joke-and-youre-the-punchline/,3,5,18,3,False,False,0,False,True,
baseline,https://robertdevore.com/wordpress-woocommerce-plugins-i-will-no-longer-maintain/,2,7,25,78,False,False,1,False,True,1 broken internal links
baseline,https://robertdevore.com/wp-dispensary-v2/,3,7,23,12,False,False,0,False,True,
baseline,https://robertdevore.com/wp-dispensary/,3,12,18,10,False,False,0,False,True,
baseline,https://robertdevore.com/wp-townhall-13-the-debate-kevin-geary-doesnt-want-you-to-see/,2,5,21,5,False,False,1,False,True,1 broken internal links
baseline,https://robertdevore.com/wtf-is-wordpress/,3,7,20,36,False,False,1,False,True,1 broken internal links
baseline,https://robertdevore.com/zero-cool-cli-a-hackers-terminal-from-1995/,1,54,18,6,False,False,0,False,True,
after,https://robertdevore.com/,0,319,26,8,False,False,0,False,True,
after,https://robertdevore.com/5-python-scripts-for-osint-and-pentesting/,2,6,18,13,False,False,0,False,True,
after,https://robertdevore.com/5-questions-you-must-answer-before-writing-anything/,3,6,19,2,False,False,0,False,True,
after,https://robertdevore.com/5-things-i-learned-building-my-first-gutenberg-blocks-plugin/,3,5,18,26,False,False,0,False,True,
after,https://robertdevore.com/7-days-full-time-wp-dispensary/,3,6,21,17,False,False,0,False,True,
after,https://robertdevore.com/about/,1,348,15,2,False,False,0,False,True,
after,https://robertdevore.com/all-in-one-wp-migration-plugin-ddos-attack/,3,6,19,16,False,False,0,False,True,
after,https://robertdevore.com/back-to-basics/,3,5,20,9,False,False,0,False,True,
after,https://robertdevore.com/blog/,1,499,54,2,False,False,0,False,True,
after,https://robertdevore.com/blog/page/10/,3,6,57,2,False,False,0,False,True,
after,https://robertdevore.com/blog/page/11/,3,5,56,2,False,False,0,False,True,
after,https://robertdevore.com/blog/page/12/,2,12,36,2,False,False,0,False,True,
after,https://robertdevore.com/blog/page/2/,2,5,56,2,False,False,0,False,True,
after,https://robertdevore.com/blog/page/3/,2,6,57,2,False,False,0,False,True,
after,https://robertdevore.com/blog/page/4/,3,6,58,2,False,False,0,False,True,
after,https://robertdevore.com/blog/page/5/,3,6,58,2,False,False,0,False,True,
after,https://robertdevore.com/blog/page/6/,4,6,58,2,False,True,0,False,True,more than three clicks from homepage
after,https://robertdevore.com/blog/page/7/,4,6,58,2,False,True,0,False,True,more than three clicks from homepage
after,https://robertdevore.com/blog/page/8/,4,6,58,2,False,True,0,False,True,more than three clicks from homepage
after,https://robertdevore.com/blog/page/9/,4,6,58,2,False,True,0,False,True,more than three clicks from homepage
after,https://robertdevore.com/boostbox-free-popups-that-work-pro-popups-that-convert/,3,5,19,12,False,False,0,False,True,
after,https://robertdevore.com/boostbox-wordpress-popup-builder-for-the-core-editor/,3,5,18,24,False,False,0,False,True,
after,https://robertdevore.com/cannabis-health-benefits/,3,5,18,27,False,False,0,False,True,
after,https://robertdevore.com/cannabiz/,3,8,19,22,False,False,0,False,True,
after,https://robertdevore.com/category/,2,12,27,2,False,False,0,False,True,
after,https://robertdevore.com/category/ai-content-systems/,3,3,25,2,False,False,0,False,True,
after,https://robertdevore.com/category/developer-tools/,3,3,22,2,False,False,0,False,True,
after,https://robertdevore.com/category/engineering-archive/,3,3,15,2,False,False,0,False,True,
after,https://robertdevore.com/category/field-notes/,3,3,13,2,False,False,0,False,True,
after,https://robertdevore.com/category/wordpress-archive/,3,3,122,2,False,False,0,False,True,
after,https://robertdevore.com/celebrating-gaad-with-img-a11y-v1-1-0/,3,5,18,8,False,False,0,False,True,
after,https://robertdevore.com/chapters-for-authors-wordpress-plugin/,3,6,19,16,False,False,0,False,True,
after,https://robertdevore.com/clean-blog-free-wordpress-theme/,3,10,19,20,False,False,0,False,True,
after,https://robertdevore.com/complete-beginners-guide-building-a-python-url-checker-for-google-sheets/,2,16,18,3,False,False,0,False,True,
after,https://robertdevore.com/contact/,1,364,12,2,False,False,0,False,True,
after,https://robertdevore.com/creating-my-own-cipher-code/,3,7,18,8,False,False,0,False,True,
after,https://robertdevore.com/customer-loyalty-for-woocommerce-v2/,3,6,19,8,False,False,0,False,True,
after,https://robertdevore.com/db-version-control-wordpress-plugin/,3,5,18,6,False,False,0,False,True,
after,https://robertdevore.com/december-2024-a-retrospective/,3,7,42,46,False,False,0,False,True,
after,https://robertdevore.com/delivery-drivers-for-woocommerce/,3,7,19,9,False,False,0,False,True,
after,https://robertdevore.com/devio-digital/,3,5,22,10,False,False,0,False,True,
after,https://robertdevore.com/dispensary-wordpress-plugins-2017/,3,6,20,34,False,False,0,False,True,
after,https://robertdevore.com/do-less-deliver-more/,2,8,18,3,False,False,0,False,True,
after,https://robertdevore.com/docupress-documentation-plugin-for-wordpress/,3,6,19,11,False,False,0,False,True,
after,https://robertdevore.com/dont-shoot-the-messenger-choose-courage-over-convenience/,3,5,22,8,False,False,0,False,True,
after,https://robertdevore.com/extreme-programming-for-extreme-leaders/,2,8,21,4,False,False,0,False,True,
after,https://robertdevore.com/focus/,3,8,18,6,False,False,0,False,True,
after,https://robertdevore.com/forever-forward/,1,6,21,9,False,False,0,False,True,
after,https://robertdevore.com/going-all-in-one-year-later/,3,6,23,25,False,False,0,False,True,
after,https://robertdevore.com/going-all-in-with-wp-dispensary/,3,12,21,14,False,False,0,False,True,
after,https://robertdevore.com/goodbye-wordpress-a-eulogy/,2,7,23,22,False,False,0,False,True,
after,https://robertdevore.com/grateful-to-see-21-of-my-wordpress-plugins-live-on-at-webdevstudios/,2,115,19,26,False,False,0,False,True,
after,https://robertdevore.com/hello-2017/,3,7,19,6,False,False,0,False,True,
after,https://robertdevore.com/hello-plugin-pal-your-ai-powered-plugin-generator-for-wordpress/,3,5,20,20,False,False,0,False,True,
after,https://robertdevore.com/honoring-jesse-petersen-with-the-revival-of-stealth-login-page/,3,5,18,7,False,False,0,False,True,
after,https://robertdevore.com/host-your-wordpress-plugins-on-github-and-automate-plugin-packaging/,3,6,18,3,False,False,0,False,True,
after,https://robertdevore.com/how-a-security-audit-can-save-your-e-commerce-store-from-disaster/,3,6,22,2,False,False,0,False,True,
after,https://robertdevore.com/how-hungry-are-you/,3,5,18,5,False,False,0,False,True,
after,https://robertdevore.com/how-i-use-textexpander-to-reuse-my-best-ai-prompts/,3,5,19,6,False,False,0,False,True,
after,https://robertdevore.com/how-to-block-website-tracking-data-in-woocommerce/,3,7,20,8,False,False,0,False,True,
after,https://robertdevore.com/how-to-build-a-content-engine-that-scales-with-you/,3,18,20,3,False,False,0,False,True,
after,https://robertdevore.com/how-to-build-modular-prompts-that-save-you-hours-per-week/,3,9,20,3,False,False,0,False,True,
after,https://robertdevore.com/how-to-customize-the-style-of-your-wordpress-login-screen/,3,5,19,9,False,False,0,False,True,
after,https://robertdevore.com/how-to-edit-ai-content-so-it-feels-clean-not-robotic/,3,18,19,2,False,False,0,False,True,
after,https://robertdevore.com/how-to-stop-your-plugins-themes-from-being-used-on-wordpress-com-hosting/,3,7,19,4,False,False,0,False,True,
after,https://robertdevore.com/how-to-teach-ai-to-match-your-voice/,3,7,19,2,False,False,0,False,True,
after,https://robertdevore.com/how-to-use-ai-to-research-validate-ideas-and-stay-relevant/,3,6,19,2,False,False,0,False,True,
after,https://robertdevore.com/how-to-write-prompts-that-get-the-tone-structure-and-intent-right/,3,6,19,2,False,False,0,False,True,
after,https://robertdevore.com/hue-js/,3,5,19,19,False,False,0,False,True,
after,https://robertdevore.com/i-built-a-python-stego-cipher-tool-and-you-can-have-it/,2,16,20,5,False,False,0,False,True,
after,https://robertdevore.com/i-just-launched-a-python-course-for-php-developers/,2,9,21,26,False,False,0,False,True,
after,https://robertdevore.com/im-freelancing-again/,3,6,25,19,False,False,0,False,True,
after,https://robertdevore.com/improve-cls-scores-by-dynamically-setting-image-width-and-height/,3,8,19,5,False,False,0,False,True,
after,https://robertdevore.com/intellipress-the-smart-af-ai-assistant-for-wordpress/,3,5,20,5,False,False,0,False,True,
after,https://robertdevore.com/introducing-an-experimental-new-plugin-email-designer-for-woocommerce/,3,6,19,9,False,False,0,False,True,
after,https://robertdevore.com/introducing-associated-taxonomies-for-wordpress/,3,6,19,5,False,False,0,False,True,
after,https://robertdevore.com/introducing-automattic-css-an-open-source-css-utility-framework/,3,5,19,10,False,False,0,False,True,
after,https://robertdevore.com/introducing-back-in-stock-notifications-for-woocommerce/,3,6,19,6,False,False,0,False,True,
after,https://robertdevore.com/introducing-barcodes-for-woocommerce-free/,3,6,19,7,False,False,0,False,True,
after,https://robertdevore.com/introducing-benchpress/,3,6,18,7,False,False,0,False,True,
after,https://robertdevore.com/introducing-block-ai-crawlers-for-wordpress/,3,5,18,10,False,False,0,False,True,
after,https://robertdevore.com/introducing-bluesky-feed-for-wordpress/,3,6,19,6,False,False,0,False,True,
after,https://robertdevore.com/introducing-brands-for-woocommerce-free/,3,6,19,8,False,False,0,False,True,
after,https://robertdevore.com/introducing-broken-image-scanner/,3,5,19,5,False,False,0,False,True,
after,https://robertdevore.com/introducing-bulk-stock-management-for-woocommerce-free/,3,6,19,7,False,False,0,False,True,
after,https://robertdevore.com/introducing-content-restriction-for-wordpress/,3,5,18,6,False,False,0,False,True,
after,https://robertdevore.com/introducing-delete-inactive-users/,3,6,18,6,False,False,0,False,True,
after,https://robertdevore.com/introducing-digg-this-a-social-sharing-plugin-for-wordpress/,3,5,19,9,False,False,0,False,True,
after,https://robertdevore.com/introducing-dispensary-details-for-woocommerce/,3,6,19,7,False,False,0,False,True,
after,https://robertdevore.com/introducing-gallery-modals-enhance-your-wordpress-galleries-with-stunning-popups/,3,5,19,5,False,False,0,False,True,
after,https://robertdevore.com/introducing-gift-cards-for-woocommerce-free/,3,6,20,6,False,False,0,False,True,
after,https://robertdevore.com/introducing-hpos-compatibility-scanner-for-woocommerce-free/,3,7,19,6,False,False,0,False,True,
after,https://robertdevore.com/introducing-img-a11y/,3,6,18,4,False,False,0,False,True,
after,https://robertdevore.com/introducing-intellipress-the-smart-ai-assistant-for-wordpress/,3,5,18,10,False,False,0,False,True,
after,https://robertdevore.com/introducing-maintenance-mode-for-wordpress/,3,6,18,10,False,False,0,False,True,
after,https://robertdevore.com/introducing-markdown-comments-for-wordpress/,2,5,18,7,False,False,0,False,True,
after,https://robertdevore.com/introducing-markdown-exporter-for-wordpress/,3,5,18,12,False,False,0,False,True,
after,https://robertdevore.com/introducing-media-copyright-scanner/,3,6,18,6,False,False,0,False,True,
after,https://robertdevore.com/introducing-media-file-versioning-for-wordpress/,3,6,18,6,False,False,0,False,True,
after,https://robertdevore.com/introducing-metadata-import-export-for-yoast-seo/,3,6,18,6,False,False,0,False,True,
after,https://robertdevore.com/introducing-module-usage-tracker-for-wp-bakery/,3,5,18,6,False,False,0,False,True,
after,https://robertdevore.com/introducing-pattern-pal-ai-powered-patterns-for-wordpress/,3,5,18,8,False,False,0,False,True,
after,https://robertdevore.com/introducing-persistent-dismissible-notices/,3,6,18,7,False,False,0,False,True,
after,https://robertdevore.com/introducing-projects-for-wordpress-a-better-way-to-showcase-your-work/,3,5,19,8,False,False,0,False,True,
after,https://robertdevore.com/introducing-purchase-orders-for-woocommerce-free/,3,7,19,7,False,False,0,False,True,
after,https://robertdevore.com/introducing-seo-for-wordpress/,3,6,18,10,False,False,0,False,True,
after,https://robertdevore.com/introducing-shipping-multiple-addresses-for-woocommerce-free/,3,7,19,8,False,False,0,False,True,
after,https://robertdevore.com/introducing-site-vitals-for-wordpress/,3,6,18,6,False,False,0,False,True,
after,https://robertdevore.com/introducing-slop-stopper-a-free-content-checker-for-wordpress/,3,5,18,5,False,False,0,False,True,
after,https://robertdevore.com/introducing-stats-for-wordpress/,3,6,18,9,False,False,0,False,True,
after,https://robertdevore.com/introducing-table-block-enhancer-for-wordpress/,3,6,18,8,False,False,0,False,True,
after,https://robertdevore.com/introducing-test-orders-for-woocommerce/,3,7,20,8,False,False,0,False,True,
after,https://robertdevore.com/introducing-the-phlush-permalinks-wordpress-plugin/,3,5,18,4,False,False,0,False,True,
after,https://robertdevore.com/introducing-the-prompts-library-a-playground-for-ai-creativity/,3,5,18,11,False,False,0,False,True,
after,https://robertdevore.com/introducing-the-user-login-status-plugin-for-wordpress/,3,5,19,4,False,False,0,False,True,
after,https://robertdevore.com/introducing-vertical-gallery-product-display-for-woocommerce/,3,7,19,5,False,False,0,False,True,
after,https://robertdevore.com/introducing-widget-usage-tracker-for-elementor/,3,5,19,6,False,False,0,False,True,
after,https://robertdevore.com/invest-in-yourself/,4,5,19,12,False,True,0,False,True,more than three clicks from homepage
after,https://robertdevore.com/kevin-michael-geary-a-hidden-history-of-hate-racism-and-bigotry/,3,13,18,23,False,False,0,False,True,
after,https://robertdevore.com/leafly-reviews-wordpress-plugin/,3,8,18,9,False,False,0,False,True,
after,https://robertdevore.com/leap-the-code-of-extreme-leadership/,1,14,18,3,False,False,0,False,True,
after,https://robertdevore.com/making-up-for-lost-time/,4,7,17,2,False,True,0,False,True,more than three clicks from homepage
after,https://robertdevore.com/mnml-free-minimalist-wordpress-theme/,3,7,19,12,False,False,0,False,True,
after,https://robertdevore.com/my-brothers-keeper-sons-of-anarchy-fanfiction/,3,5,19,5,False,False,0,False,True,
after,https://robertdevore.com/my-development-projects/,3,6,21,18,False,False,0,False,True,
after,https://robertdevore.com/open-source-is-anarchism-in-action/,2,7,18,2,False,False,0,False,True,
after,https://robertdevore.com/organized-chaos/,4,7,17,7,False,True,0,False,True,more than three clicks from homepage
after,https://robertdevore.com/patience/,3,5,21,3,False,False,0,False,True,
after,https://robertdevore.com/peddle-free-wordpress-theme-for-easy-digital-downloads/,3,6,20,17,False,False,0,False,True,
after,https://robertdevore.com/plan-prompt-publish-a-practical-guide-to-creating-beautifully-useful-content-with-ai/,3,16,27,2,False,False,0,False,True,
after,https://robertdevore.com/projects/,1,359,18,27,False,False,0,False,True,
after,https://robertdevore.com/projects/agents-sdk/,2,1,14,3,False,False,0,False,True,
after,https://robertdevore.com/projects/dispatch/,2,1,14,3,False,False,0,False,True,
after,https://robertdevore.com/projects/kujo/,1,2,14,4,False,False,0,False,True,
after,https://robertdevore.com/projects/lens/,2,1,14,3,False,False,0,False,True,
after,https://robertdevore.com/projects/sitekit/,2,1,14,3,False,False,0,False,True,
after,https://robertdevore.com/projects/ssg/,2,1,14,3,False,False,0,False,True,
after,https://robertdevore.com/release-notes-back-in-stock-notifications-for-woocommerce-free-v1-0-1/,3,6,20,3,False,False,0,False,True,
after,https://robertdevore.com/relentless/,3,5,18,11,False,False,0,False,True,
after,https://robertdevore.com/rethinking-keyword-research-in-the-age-of-ai/,3,5,18,6,False,False,0,False,True,
after,https://robertdevore.com/reusable-flask-error-handling-a-step-by-step-guide-to-modular-http-error-responses/,3,5,18,4,False,False,0,False,True,
after,https://robertdevore.com/run-a-tor-relay/,3,5,18,17,False,False,0,False,True,
after,https://robertdevore.com/say-goodbye-to-wordpress/,3,5,19,3,False,False,0,False,True,
after,https://robertdevore.com/set-featured-images-programatically-wordpress/,3,6,19,4,False,False,0,False,True,
after,https://robertdevore.com/slackedd/,3,6,18,15,False,False,0,False,True,
after,https://robertdevore.com/stattic-v0-3-0-release-llms-txt-faster-gifs-leaner-core-and-smarter-routing/,3,5,18,4,False,False,0,False,True,
after,https://robertdevore.com/stattic-v1-0-the-worlds-fastest-python-based-static-site-generator/,1,117,21,14,False,False,0,False,True,
after,https://robertdevore.com/stop-gambling-with-client-trust-why-skipping-a-security-audit-is-a-risk-you-cant-afford/,3,5,23,2,False,False,0,False,True,
after,https://robertdevore.com/tag/,2,12,30,2,False,False,0,False,True,
after,https://robertdevore.com/tag/ai/,2,17,25,2,False,False,0,False,True,
after,https://robertdevore.com/tag/archive/,3,3,15,2,False,False,0,False,True,
after,https://robertdevore.com/tag/engineering/,2,14,22,2,False,False,0,False,True,
after,https://robertdevore.com/tag/essays/,3,4,13,2,False,False,0,False,True,
after,https://robertdevore.com/tag/woocommerce/,3,34,43,2,False,False,0,False,True,
after,https://robertdevore.com/tag/wordpress/,2,113,122,2,False,False,0,False,True,
after,https://robertdevore.com/thank-you-wordpress/,3,7,19,8,False,False,0,False,True,
after,https://robertdevore.com/the-fastest-way-for-php-devs-to-learn-python/,2,115,19,7,False,False,0,False,True,
after,https://robertdevore.com/the-past-present-and-future-of-wp-dispensary/,3,5,19,10,False,False,0,False,True,
after,https://robertdevore.com/tools-and-workflows-for-formatting-visuals-and-citations/,3,18,20,16,False,False,0,False,True,
after,https://robertdevore.com/twitter-marketing/,4,8,17,38,False,True,0,False,True,more than three clicks from homepage
after,https://robertdevore.com/two-years-building-wp-dispensary/,3,6,21,51,False,False,0,False,True,
after,https://robertdevore.com/use-ai-to-create-your-own-wwf-action-figure-blister-packs/,3,5,18,7,False,False,0,False,True,
after,https://robertdevore.com/what-makes-content-beautifully-useful/,3,6,19,2,False,False,0,False,True,
after,https://robertdevore.com/why-wordpress-plugin-developers-need-security-audits/,3,16,22,2,False,False,0,False,True,
after,https://robertdevore.com/woocommerce-dispensary-details-plugin/,3,6,26,9,False,False,0,False,True,
after,https://robertdevore.com/wordpress-custom-post-types-code-snippets/,3,6,18,20,False,False,0,False,True,
after,https://robertdevore.com/wordpress-plugin-security-is-a-joke-and-youre-the-punchline/,3,5,18,3,False,False,0,False,True,
after,https://robertdevore.com/wordpress-woocommerce-plugins-i-will-no-longer-maintain/,2,7,25,78,False,False,0,False,True,
after,https://robertdevore.com/wp-dispensary-v2/,3,7,23,12,False,False,0,False,True,
after,https://robertdevore.com/wp-dispensary/,3,12,18,10,False,False,0,False,True,
after,https://robertdevore.com/wp-townhall-13-the-debate-kevin-geary-doesnt-want-you-to-see/,2,5,21,5,False,False,0,False,True,
after,https://robertdevore.com/wtf-is-wordpress/,3,7,20,36,False,False,0,False,True,
after,https://robertdevore.com/zero-cool-cli-a-hackers-terminal-from-1995/,1,21,18,6,False,False,0,False,True,
